,Unnamed: 0,Rank,Song,Artist,acousticness,analysis_url,danceability,duration_ms,energy,id,instrumentalness,key,liveness,loudness,mode,speechiness,tempo,time_signature,track_href,type,uri,valence,Popularity
0,0,1,LOVE YOURSELF,Justin Bieber,0.856,https://api.spotify.com/v1/audio-analysis/50kpGaPAhYJ3sGmk6vplg0,0.607,233720,0.376,50kpGaPAhYJ3sGmk6vplg0,0,4,0.285,-9.954,1,0.453,102.541,4,https://api.spotify.com/v1/tracks/50kpGaPAhYJ3sGmk6vplg0,audio_features,spotify:track:50kpGaPAhYJ3sGmk6vplg0,0.559,78
1,1,2,SORRY,Justin Bieber,0.0865,https://api.spotify.com/v1/audio-analysis/09CtPGIpYB4BrO8qb1RGsF,0.605,200787,0.768,09CtPGIpYB4BrO8qb1RGsF,0,0,0.308,-3.724,0,0.0476,100.209,4,https://api.spotify.com/v1/tracks/09CtPGIpYB4BrO8qb1RGsF,audio_features,spotify:track:09CtPGIpYB4BrO8qb1RGsF,0.396,78
2,2,3,ONE DANCE,Drake Featuring WizKid & Kyla,0.00842,https://api.spotify.com/v1/audio-analysis/1zi7xx7UVEFkmKfv06H8x0,0.796,173987,0.61,1zi7xx7UVEFkmKfv06H8x0,0.00286,1,0.351,-5.857,1,0.0516,103.99,4,https://api.spotify.com/v1/tracks/1zi7xx7UVEFkmKfv06H8x0,audio_features,spotify:track:1zi7xx7UVEFkmKfv06H8x0,0.409,78
3,3,4,WORK,Rihanna Featuring Drake,0.0644,https://api.spotify.com/v1/audio-analysis/32lmL4vQAAotg6MrJnhlQZ,0.667,219320,0.538,32lmL4vQAAotg6MrJnhlQZ,0,11,0.0928,-6.294,1,0.0953,91.296,4,https://api.spotify.com/v1/tracks/32lmL4vQAAotg6MrJnhlQZ,audio_features,spotify:track:32lmL4vQAAotg6MrJnhlQZ,0.537,75
4,4,5,STRESSED OUT,twenty one pilots,0.0462,https://api.spotify.com/v1/audio-analysis/3CRDbSIZ4r5MsZ0YwxuEkn,0.734,202333,0.637,3CRDbSIZ4r5MsZ0YwxuEkn,2.29e-05,4,0.0602,-5.677,0,0.141,169.977,4,https://api.spotify.com/v1/tracks/3CRDbSIZ4r5MsZ0YwxuEkn,audio_features,spotify:track:3CRDbSIZ4r5MsZ0YwxuEkn,0.638,85
5,5,6,PANDA,Desiigner,0.0235,https://api.spotify.com/v1/audio-analysis/275a9yzwGB6ncAW4SxY7q3,0.72,247867,0.748,275a9yzwGB6ncAW4SxY7q3,0,10,0.369,-5.522,0,0.393,145.22,4,https://api.spotify.com/v1/tracks/275a9yzwGB6ncAW4SxY7q3,audio_features,spotify:track:275a9yzwGB6ncAW4SxY7q3,0.245,76
6,6,7,HELLO,Adele,0.336,https://api.spotify.com/v1/audio-analysis/0ENSn4fwAbCGeFGVUbXEU3,0.481,295493,0.451,0ENSn4fwAbCGeFGVUbXEU3,0,5,0.0872,-6.095,0,0.0347,157.966,4,https://api.spotify.com/v1/tracks/0ENSn4fwAbCGeFGVUbXEU3,audio_features,spotify:track:0ENSn4fwAbCGeFGVUbXEU3,0.287,72
7,7,8,DON'T LET ME DOWN,The Chainsmokers Featuring Daya,0.157,https://api.spotify.com/v1/audio-analysis/1i1fxkWeaMmKEB4T7zqbzK,0.532,208373,0.869,1i1fxkWeaMmKEB4T7zqbzK,0.00508,11,0.136,-5.094,1,0.172,159.803,4,https://api.spotify.com/v1/tracks/1i1fxkWeaMmKEB4T7zqbzK,audio_features,spotify:track:1i1fxkWeaMmKEB4T7zqbzK,0.419,88
8,8,9,CAN'T STOP THE FEELING!,Justin Timberlake,0.0106,https://api.spotify.com/v1/audio-analysis/1WkMMavIMc4JZ8cfMmxHkI,0.669,237547,0.832,1WkMMavIMc4JZ8cfMmxHkI,0,0,0.0968,-5.72,1,0.0682,113.035,4,https://api.spotify.com/v1/tracks/1WkMMavIMc4JZ8cfMmxHkI,audio_features,spotify:track:1WkMMavIMc4JZ8cfMmxHkI,0.714,80
9,9,10,CLOSER,The Chainsmokers Featuring Halsey,0.414,https://api.spotify.com/v1/audio-analysis/7BKLCZ1jbUBVqRi2FVlTVw,0.748,244960,0.524,7BKLCZ1jbUBVqRi2FVlTVw,0,8,0.111,-5.599,1,0.0338,95.01,4,https://api.spotify.com/v1/tracks/7BKLCZ1jbUBVqRi2FVlTVw,audio_features,spotify:track:7BKLCZ1jbUBVqRi2FVlTVw,0.635,90
10,10,11,CHEAP THRILLS,Sia Featuring Sean Paul,0.0472,https://api.spotify.com/v1/audio-analysis/3S4px9f4lceWdKf0gWciFu,0.628,211667,0.698,3S4px9f4lceWdKf0gWciFu,0.00143,6,0.0907,-5.608,0,0.105,89.976,4,https://api.spotify.com/v1/tracks/3S4px9f4lceWdKf0gWciFu,audio_features,spotify:track:3S4px9f4lceWdKf0gWciFu,0.73,78
11,11,12,7 YEARS,Lukas Graham,0.287,https://api.spotify.com/v1/audio-analysis/5kqIPrATaCc2LqxVWzQGbk,0.765,237300,0.473,5kqIPrATaCc2LqxVWzQGbk,0,10,0.391,-5.829,1,0.0514,119.992,4,https://api.spotify.com/v1/tracks/5kqIPrATaCc2LqxVWzQGbk,audio_features,spotify:track:5kqIPrATaCc2LqxVWzQGbk,0.343,83
12,12,13,NEEDED ME,Rihanna,0.107,https://api.spotify.com/v1/audio-analysis/1Tt4sE4pXi57mTD1GCzsqm,0.688,191600,0.325,1Tt4sE4pXi57mTD1GCzsqm,0,5,0.0837,-8.083,0,0.251,110.888,4,https://api.spotify.com/v1/tracks/1Tt4sE4pXi57mTD1GCzsqm,audio_features,spotify:track:1Tt4sE4pXi57mTD1GCzsqm,0.274,77
13,13,14,MY HOUSE,Flo Rida,0.0215,https://api.spotify.com/v1/audio-analysis/6Knv6wdA0luoMUuuoYi2i1,0.688,192191,0.702,6Knv6wdA0luoMUuuoYi2i1,0,7,0.128,-4.792,0,0.0499,94.006,4,https://api.spotify.com/v1/tracks/6Knv6wdA0luoMUuuoYi2i1,audio_features,spotify:track:6Knv6wdA0luoMUuuoYi2i1,0.731,81
14,14,15,I TOOK A PILL IN IBIZA,Mike Posner,0.034,https://api.spotify.com/v1/audio-analysis/1MtUq6Wp1eQ8PC6BbPCj8P,0.665,197933,0.725,1MtUq6Wp1eQ8PC6BbPCj8P,9.17e-06,7,0.0864,-6.588,0,0.12,101.96,4,https://api.spotify.com/v1/tracks/1MtUq6Wp1eQ8PC6BbPCj8P,audio_features,spotify:track:1MtUq6Wp1eQ8PC6BbPCj8P,0.697,79
15,15,16,WORK FROM HOME,Fifth Harmony Featuring Ty Dolla $ign,0.103,https://api.spotify.com/v1/audio-analysis/4tCtwWceOPWzenK2HAIJSb,0.803,214480,0.585,4tCtwWceOPWzenK2HAIJSb,3.94e-06,8,0.0644,-5.861,1,0.0432,105.017,4,https://api.spotify.com/v1/tracks/4tCtwWceOPWzenK2HAIJSb,audio_features,spotify:track:4tCtwWceOPWzenK2HAIJSb,0.588,84
16,16,17,THIS IS WHAT YOU CAME FOR,Calvin Harris Featuring Rihanna,0.199,https://api.spotify.com/v1/audio-analysis/0azC730Exh71aQlOt9Zj3y,0.63,222160,0.928,0azC730Exh71aQlOt9Zj3y,0.124,9,0.148,-2.787,0,0.0331,123.963,4,https://api.spotify.com/v1/tracks/0azC730Exh71aQlOt9Zj3y,audio_features,spotify:track:0azC730Exh71aQlOt9Zj3y,0.46,85
17,17,18,CAKE BY THE OCEAN,DNCE,0.156,https://api.spotify.com/v1/audio-analysis/76hfruVvmfQbw0eYn1nmeC,0.774,219147,0.765,76hfruVvmfQbw0eYn1nmeC,0,4,0.0373,-5.439,0,0.0502,119.001,4,https://api.spotify.com/v1/tracks/76hfruVvmfQbw0eYn1nmeC,audio_features,spotify:track:76hfruVvmfQbw0eYn1nmeC,0.91,77
18,18,19,"ME, MYSELF & I",G-Eazy x Bebe Rexha,NaN,NaN,NaN,NaN,NaN,NaN,NaN,NaN,NaN,NaN,NaN,NaN,NaN,NaN,NaN,NaN,NaN,NaN,NaN
19,19,20,RIDE,twenty one pilots,0.00835,https://api.spotify.com/v1/audio-analysis/2Z8WuEywRWYTKe1NybPQEW,0.645,214507,0.713,2Z8WuEywRWYTKe1NybPQEW,0,6,0.113,-5.355,1,0.0393,74.989,4,https://api.spotify.com/v1/tracks/2Z8WuEywRWYTKe1NybPQEW,audio_features,spotify:track:2Z8WuEywRWYTKe1NybPQEW,0.58,85
20,20,21,HEATHENS,twenty one pilots,0.0841,https://api.spotify.com/v1/audio-analysis/6i0V12jOa3mr6uu4WYhUBr,0.732,195920,0.396,6i0V12jOa3mr6uu4WYhUBr,3.58e-05,4,0.105,-9.348,0,0.0286,90.024,4,https://api.spotify.com/v1/tracks/6i0V12jOa3mr6uu4WYhUBr,audio_features,spotify:track:6i0V12jOa3mr6uu4WYhUBr,0.547,85
21,21,22,PILLOWTALK,Zayn,0.117,https://api.spotify.com/v1/audio-analysis/0PDUDa38GO8lMxLCRc4lL1,0.584,202747,0.7,0PDUDa38GO8lMxLCRc4lL1,0,11,0.0939,-4.275,1,0.0456,124.944,4,https://api.spotify.com/v1/tracks/0PDUDa38GO8lMxLCRc4lL1,audio_features,spotify:track:0PDUDa38GO8lMxLCRc4lL1,0.425,80
22,22,23,STITCHES,Shawn Mendes,0.0196,https://api.spotify.com/v1/audio-analysis/5jsw9uXEGuKyJzs0boZ1bT,0.592,206880,0.752,5jsw9uXEGuKyJzs0boZ1bT,0,1,0.0477,-6.589,1,0.114,74.784,4,https://api.spotify.com/v1/tracks/5jsw9uXEGuKyJzs0boZ1bT,audio_features,spotify:track:5jsw9uXEGuKyJzs0boZ1bT,0.73,75
23,23,24,HOTLINE BLING,Drake,0.00302,https://api.spotify.com/v1/audio-analysis/0wwPcA6wtMf6HUMpIRdeP7,0.903,267067,0.621,0wwPcA6wtMf6HUMpIRdeP7,0.000186,2,0.0504,-8.132,1,0.0578,134.969,4,https://api.spotify.com/v1/tracks/0wwPcA6wtMf6HUMpIRdeP7,audio_features,spotify:track:0wwPcA6wtMf6HUMpIRdeP7,0.544,74
24,24,25,COLD WATER,Major Lazer Featuring Justin Bieber & MO,0.055,https://api.spotify.com/v1/audio-analysis/7zsXy7vlHdItvUSH8EwQss,0.602,185360,0.797,7zsXy7vlHdItvUSH8EwQss,0,6,0.187,-5.084,0,0.0534,92.928,4,https://api.spotify.com/v1/tracks/7zsXy7vlHdItvUSH8EwQss,audio_features,spotify:track:7zsXy7vlHdItvUSH8EwQss,0.487,79
25,25,26,SEND MY LOVE (TO YOUR NEW LOVER),Adele,0.0415,https://api.spotify.com/v1/audio-analysis/4BHzQ9C00ceJxfG16AlNWb,0.69,223080,0.524,4BHzQ9C00ceJxfG16AlNWb,3.16e-06,6,0.17,-8.39,0,0.103,164.023,4,https://api.spotify.com/v1/tracks/4BHzQ9C00ceJxfG16AlNWb,audio_features,spotify:track:4BHzQ9C00ceJxfG16AlNWb,0.561,75
26,26,27,ROSES,The Chainsmokers Featuring Rozes,0.0435,https://api.spotify.com/v1/audio-analysis/3vv9phIu6Y1vX3jcqaGz5Z,0.713,226739,0.802,3vv9phIu6Y1vX3jcqaGz5Z,0.00377,4,0.309,-7.055,1,0.0561,100.001,4,https://api.spotify.com/v1/tracks/3vv9phIu6Y1vX3jcqaGz5Z,audio_features,spotify:track:3vv9phIu6Y1vX3jcqaGz5Z,0.339,80
27,27,28,TREAT YOU BETTER,Shawn Mendes,0.118,https://api.spotify.com/v1/audio-analysis/3QGsuHI8jO1Rx4JWLUh9jd,0.672,187973,0.81,3QGsuHI8jO1Rx4JWLUh9jd,0,10,0.106,-4.104,0,0.226,82.888,4,https://api.spotify.com/v1/tracks/3QGsuHI8jO1Rx4JWLUh9jd,audio_features,spotify:track:3QGsuHI8jO1Rx4JWLUh9jd,0.775,79
28,28,29,TOO GOOD,Drake Featuring Rihanna,0.0662,https://api.spotify.com/v1/audio-analysis/3BtuIIrQlkujKPuWF2B85z,0.82,263373,0.641,3BtuIIrQlkujKPuWF2B85z,5.07e-05,4,0.102,-7.811,0,0.116,117.974,4,https://api.spotify.com/v1/tracks/3BtuIIrQlkujKPuWF2B85z,audio_features,spotify:track:3BtuIIrQlkujKPuWF2B85z,0.374,74
29,29,30,LOW LIFE,Future Featuring The Weeknd,0.337,https://api.spotify.com/v1/audio-analysis/7EiZI6JVHllARrX9PUvAdX,0.722,313547,0.331,7EiZI6JVHllARrX9PUvAdX,0.283,8,0.146,-7.789,1,0.0725,143.974,4,https://api.spotify.com/v1/tracks/7EiZI6JVHllARrX9PUvAdX,audio_features,spotify:track:7EiZI6JVHllARrX9PUvAdX,0.102,83
30,30,31,WHAT DO YOU MEAN?,Justin Bieber,0.61,https://api.spotify.com/v1/audio-analysis/4B0JvthVoAAuygILe3n4Bs,0.837,205680,0.571,4B0JvthVoAAuygILe3n4Bs,0.000898,5,0.0849,-8.273,0,0.0922,125.034,4,https://api.spotify.com/v1/tracks/4B0JvthVoAAuygILe3n4Bs,audio_features,spotify:track:4B0JvthVoAAuygILe3n4Bs,0.802,76
31,31,32,THE HILLS,The Weeknd,0.0635,https://api.spotify.com/v1/audio-analysis/7fBv7CLKzipRk6EC6TWHOB,0.54,242253,0.561,7fBv7CLKzipRk6EC6TWHOB,0,0,0.137,-6.987,0,0.0699,113.295,4,https://api.spotify.com/v1/tracks/7fBv7CLKzipRk6EC6TWHOB,audio_features,spotify:track:7fBv7CLKzipRk6EC6TWHOB,0.123,79
32,32,33,JUST LIKE FIRE,P!nk,0.0114,https://api.spotify.com/v1/audio-analysis/7K5dzhGda2vRTaAWYI3hrb,0.632,215414,0.701,7K5dzhGda2vRTaAWYI3hrb,0,7,0.108,-5.921,1,0.146,162.958,4,https://api.spotify.com/v1/tracks/7K5dzhGda2vRTaAWYI3hrb,audio_features,spotify:track:7K5dzhGda2vRTaAWYI3hrb,0.488,75
33,33,34,BROCCOLI,D.R.A.M. Featuring Lil Yachty,0.236,https://api.spotify.com/v1/audio-analysis/0qy5D3OJre7SPJNMOL9I71,0.886,225205,0.525,0qy5D3OJre7SPJNMOL9I71,0,8,0.057,-7.39,1,0.132,145.99,4,https://api.spotify.com/v1/tracks/0qy5D3OJre7SPJNMOL9I71,audio_features,spotify:track:0qy5D3OJre7SPJNMOL9I71,0.711,78
34,34,35,DON'T,Bryson Tiller,0.222,https://api.spotify.com/v1/audio-analysis/3pXF1nA74528Edde4of9CC,0.765,198293,0.356,3pXF1nA74528Edde4of9CC,0,11,0.0963,-5.556,0,0.196,97.001,4,https://api.spotify.com/v1/tracks/3pXF1nA74528Edde4of9CC,audio_features,spotify:track:3pXF1nA74528Edde4of9CC,0.191,81
35,35,36,DANGEROUS WOMAN,Ariana Grande,0.0499,https://api.spotify.com/v1/audio-analysis/7l94dyN2hX9c6wWcZQuOGJ,0.672,235947,0.605,7l94dyN2hX9c6wWcZQuOGJ,0,7,0.357,-5.353,1,0.0378,134.015,3,https://api.spotify.com/v1/tracks/7l94dyN2hX9c6wWcZQuOGJ,audio_features,spotify:track:7l94dyN2hX9c6wWcZQuOGJ,0.292,75
36,36,37,JUMPMAN,Drake & Future,0.0565,https://api.spotify.com/v1/audio-analysis/27GmP9AWRs744SzKcpJsTZ,0.853,205879,0.547,27GmP9AWRs744SzKcpJsTZ,0,1,0.341,-7.535,1,0.194,142.065,4,https://api.spotify.com/v1/tracks/27GmP9AWRs744SzKcpJsTZ,audio_features,spotify:track:27GmP9AWRs744SzKcpJsTZ,0.677,78
37,37,38,I HATE U I LOVE U,gnash Featuring Olivia O'Brien,0.687,https://api.spotify.com/v1/audio-analysis/7vRriwrloYVaoAe3a9wJHe,0.492,251034,0.275,7vRriwrloYVaoAe3a9wJHe,0,6,0.101,-13.4,0,0.3,92.6,4,https://api.spotify.com/v1/tracks/7vRriwrloYVaoAe3a9wJHe,audio_features,spotify:track:7vRriwrloYVaoAe3a9wJHe,0.18,84
38,38,39,HERE,Alessia Cara,0.0716,https://api.spotify.com/v1/audio-analysis/1wYZZtamWTQAoj8B812uKQ,0.375,199453,0.822,1wYZZtamWTQAoj8B812uKQ,0,0,0.0694,-4.029,1,0.167,123.363,4,https://api.spotify.com/v1/tracks/1wYZZtamWTQAoj8B812uKQ,audio_features,spotify:track:1wYZZtamWTQAoj8B812uKQ,0.353,71
39,39,40,SAME OLD LOVE,Selena Gomez,0.0236,https://api.spotify.com/v1/audio-analysis/1BZG99C7Co1r6QUC3zaS59,0.671,229080,0.596,1BZG99C7Co1r6QUC3zaS59,0,11,0.228,-4.005,0,0.031,98.025,4,https://api.spotify.com/v1/tracks/1BZG99C7Co1r6QUC3zaS59,audio_features,spotify:track:1BZG99C7Co1r6QUC3zaS59,0.444,72
40,40,41,CONTROLLA,Drake,0.0962,https://api.spotify.com/v1/audio-analysis/4CpKEkdGbOJV51cSvx7SoG,0.747,245227,0.477,4CpKEkdGbOJV51cSvx7SoG,0,10,0.114,-11.062,0,0.276,93.44,4,https://api.spotify.com/v1/tracks/4CpKEkdGbOJV51cSvx7SoG,audio_features,spotify:track:4CpKEkdGbOJV51cSvx7SoG,0.339,74
41,41,42,LIKE I'M GONNA LOSE YOU,Meghan Trainor Featuring John Legend,0.4,https://api.spotify.com/v1/audio-analysis/2YlZnw2ikdb837oKMKjBkW,0.63,225053,0.53,2YlZnw2ikdb837oKMKjBkW,0,0,0.177,-7.259,1,0.0434,108.038,3,https://api.spotify.com/v1/tracks/2YlZnw2ikdb837oKMKjBkW,audio_features,spotify:track:2YlZnw2ikdb837oKMKjBkW,0.435,81
42,42,43,ONE CALL AWAY,Charlie Puth,0.403,https://api.spotify.com/v1/audio-analysis/7soJgKhQTO8hLP2JPRkL5O,0.667,194453,0.613,7soJgKhQTO8hLP2JPRkL5O,0,1,0.115,-5.353,1,0.0344,91.024,4,https://api.spotify.com/v1/tracks/7soJgKhQTO8hLP2JPRkL5O,audio_features,spotify:track:7soJgKhQTO8hLP2JPRkL5O,0.479,73
43,43,44,LET IT GO,James Bay,0.804,https://api.spotify.com/v1/audio-analysis/13HVjjWUZFaWilh2QUJKsP,0.568,260533,0.293,13HVjjWUZFaWilh2QUJKsP,1.26e-05,1,0.107,-10.253,1,0.0313,147.175,4,https://api.spotify.com/v1/tracks/13HVjjWUZFaWilh2QUJKsP,audio_features,spotify:track:13HVjjWUZFaWilh2QUJKsP,0.252,77
44,44,45,NO,Meghan Trainor,0.0125,https://api.spotify.com/v1/audio-analysis/0l0CvurVUrr2w3Jj1hOVFc,0.557,213507,0.801,0l0CvurVUrr2w3Jj1hOVFc,1.66e-06,1,0.737,-3.602,0,0.218,92.135,4,https://api.spotify.com/v1/tracks/0l0CvurVUrr2w3Jj1hOVFc,audio_features,spotify:track:0l0CvurVUrr2w3Jj1hOVFc,0.645,76
45,45,46,NEVER FORGET YOU,Zara Larsson & MNEK,0.00312,https://api.spotify.com/v1/audio-analysis/6hmhG1b4LEyNuashVvuIAo,0.583,213428,0.732,6hmhG1b4LEyNuashVvuIAo,9.86e-06,11,0.269,-5.728,0,0.0457,145.992,4,https://api.spotify.com/v1/tracks/6hmhG1b4LEyNuashVvuIAo,audio_features,spotify:track:6hmhG1b4LEyNuashVvuIAo,0.292,79
46,46,47,LET ME LOVE YOU,DJ Snake Featuring Justin Bieber,0.0771,https://api.spotify.com/v1/audio-analysis/0lYBSQXN6rCTvUZvg9S0lU,0.652,205947,0.713,0lYBSQXN6rCTvUZvg9S0lU,1.02e-05,8,0.144,-5.311,1,0.0368,100.023,4,https://api.spotify.com/v1/tracks/0lYBSQXN6rCTvUZvg9S0lU,audio_features,spotify:track:0lYBSQXN6rCTvUZvg9S0lU,0.147,80
47,47,48,DON'T MIND,Kent Jones,0.0235,https://api.spotify.com/v1/audio-analysis/27PmvZoffODNFW2p7ehZTQ,0.464,198237,0.771,27PmvZoffODNFW2p7ehZTQ,0,8,0.063,-4.503,1,0.336,158.777,4,https://api.spotify.com/v1/tracks/27PmvZoffODNFW2p7ehZTQ,audio_features,spotify:track:27PmvZoffODNFW2p7ehZTQ,0.678,76
48,48,49,H.O.L.Y.,Florida Georgia Line,0.385,https://api.spotify.com/v1/audio-analysis/0BCy325UZyR9z0t0uxwn2N,0.525,194187,0.685,0BCy325UZyR9z0t0uxwn2N,0,7,0.0731,-3.954,0,0.0351,78.003,4,https://api.spotify.com/v1/tracks/0BCy325UZyR9z0t0uxwn2N,audio_features,spotify:track:0BCy325UZyR9z0t0uxwn2N,0.522,79
49,49,50,WE DON'T TALK ANYMORE,Charlie Puth Featuring Selena Gomez,0.621,https://api.spotify.com/v1/audio-analysis/37FXw5QGFN7uwwsLy8uAc0,0.728,217707,0.563,37FXw5QGFN7uwwsLy8uAc0,0,1,0.179,-8.053,0,0.134,100.017,4,https://api.spotify.com/v1/tracks/37FXw5QGFN7uwwsLy8uAc0,audio_features,spotify:track:37FXw5QGFN7uwwsLy8uAc0,0.35,78
50,50,51,INTO YOU,Ariana Grande,0.0153,https://api.spotify.com/v1/audio-analysis/2meEiZKWkiN28gITzFwQo5,0.636,244453,0.728,2meEiZKWkiN28gITzFwQo5,1.46e-06,9,0.154,-5.871,1,0.0999,107.986,4,https://api.spotify.com/v1/tracks/2meEiZKWkiN28gITzFwQo5,audio_features,spotify:track:2meEiZKWkiN28gITzFwQo5,0.384,78
51,51,52,GOLD,Kiiara,0.615,https://api.spotify.com/v1/audio-analysis/6ZSO7kPn8IMJFymyticbJO,0.6,225882,0.412,6ZSO7kPn8IMJFymyticbJO,0.0025,8,0.134,-9.343,1,0.344,113.049,5,https://api.spotify.com/v1/tracks/6ZSO7kPn8IMJFymyticbJO,audio_features,spotify:track:6ZSO7kPn8IMJFymyticbJO,0.409,79
52,52,53,EXCHANGE,Bryson Tiller,0.108,https://api.spotify.com/v1/audio-analysis/43PuMrRfbyyuz4QpZ3oAwN,0.53,194613,0.433,43PuMrRfbyyuz4QpZ3oAwN,0,6,0.135,-10.598,1,0.185,160.14,4,https://api.spotify.com/v1/tracks/43PuMrRfbyyuz4QpZ3oAwN,audio_features,spotify:track:43PuMrRfbyyuz4QpZ3oAwN,0.272,82
53,53,54,679,Fetty Wap Featuring Remy Boyz,0.00256,https://api.spotify.com/v1/audio-analysis/5NQbUaeTEOGdD6hHcre0dZ,0.618,196693,0.717,5NQbUaeTEOGdD6hHcre0dZ,0,7,0.625,-5.738,1,0.318,190.05,4,https://api.spotify.com/v1/tracks/5NQbUaeTEOGdD6hHcre0dZ,audio_features,spotify:track:5NQbUaeTEOGdD6hHcre0dZ,0.601,79
54,54,55,OUI,Jeremih,0.192,https://api.spotify.com/v1/audio-analysis/0PJIbOdMs3bd5AT8liULMQ,0.715,238320,0.703,0PJIbOdMs3bd5AT8liULMQ,0,5,0.113,-3.825,1,0.0503,119.749,4,https://api.spotify.com/v1/tracks/0PJIbOdMs3bd5AT8liULMQ,audio_features,spotify:track:0PJIbOdMs3bd5AT8liULMQ,0.599,76
55,55,56,HANDS TO MYSELF,Selena Gomez,0.0165,https://api.spotify.com/v1/audio-analysis/1LoriJC05IrHIDwj3q0KC1,0.803,200680,0.504,1LoriJC05IrHIDwj3q0KC1,5.25e-06,5,0.335,-7.218,0,0.0979,111.014,4,https://api.spotify.com/v1/tracks/1LoriJC05IrHIDwj3q0KC1,audio_features,spotify:track:1LoriJC05IrHIDwj3q0KC1,0.488,74
56,56,57,2 PHONES,Kevin Gates,0.157,https://api.spotify.com/v1/audio-analysis/0wdKiSBUT7aZkXUIdJWcwC,0.895,240000,0.681,0wdKiSBUT7aZkXUIdJWcwC,0,7,0.189,-5.267,0,0.358,121.918,4,https://api.spotify.com/v1/tracks/0wdKiSBUT7aZkXUIdJWcwC,audio_features,spotify:track:0wdKiSBUT7aZkXUIdJWcwC,0.547,75
57,57,58,STARBOY,The Weeknd Featuring Daft Punk,0.168,https://api.spotify.com/v1/audio-analysis/7MXVkk9YMctZqd1Srtv4MB,0.675,230453,0.595,7MXVkk9YMctZqd1Srtv4MB,3.36e-06,7,0.136,-7.033,1,0.284,185.998,4,https://api.spotify.com/v1/tracks/7MXVkk9YMctZqd1Srtv4MB,audio_features,spotify:track:7MXVkk9YMctZqd1Srtv4MB,0.49,83
58,58,59,FOR FREE,DJ Khaled Featuring Drake,0.0173,https://api.spotify.com/v1/audio-analysis/4JDZl9nKIAhAhDjw753u4X,0.916,183695,0.571,4JDZl9nKIAhAhDjw753u4X,1.11e-06,10,0.153,-8.241,0,0.2,103.521,4,https://api.spotify.com/v1/tracks/4JDZl9nKIAhAhDjw753u4X,audio_features,spotify:track:4JDZl9nKIAhAhDjw753u4X,0.467,69
59,59,60,NEVER BE LIKE YOU,Flume Featuring Kai,0.446,https://api.spotify.com/v1/audio-analysis/6y0igZArWVi6Iz0rj35c1Y,0.54,234910,0.59,6y0igZArWVi6Iz0rj35c1Y,0,0,0.14,-4.359,1,0.0528,119.878,4,https://api.spotify.com/v1/tracks/6y0igZArWVi6Iz0rj35c1Y,audio_features,spotify:track:6y0igZArWVi6Iz0rj35c1Y,0.254,68
60,60,61,IN THE NIGHT,The Weeknd,0.0794,https://api.spotify.com/v1/audio-analysis/25KybV9BOUlvcnv7nN3Pyo,0.317,235653,0.683,25KybV9BOUlvcnv7nN3Pyo,0,7,0.0465,-4.989,1,0.134,167.615,3,https://api.spotify.com/v1/tracks/25KybV9BOUlvcnv7nN3Pyo,audio_features,spotify:track:25KybV9BOUlvcnv7nN3Pyo,0.526,71
61,61,62,ME TOO,Meghan Trainor,0.0962,https://api.spotify.com/v1/audio-analysis/3KwwE4sgCzMaKWq6QBebmX,0.934,181240,0.694,3KwwE4sgCzMaKWq6QBebmX,1.2e-06,11,0.478,-5.849,0,0.101,123.829,4,https://api.spotify.com/v1/tracks/3KwwE4sgCzMaKWq6QBebmX,audio_features,spotify:track:3KwwE4sgCzMaKWq6QBebmX,0.824,78
62,62,63,EX'S & OH'S,Elle King,NaN,NaN,NaN,NaN,NaN,NaN,NaN,NaN,NaN,NaN,NaN,NaN,NaN,NaN,NaN,NaN,NaN,NaN,NaN
63,63,64,DIE A HAPPY MAN,Thomas Rhett,0.381,https://api.spotify.com/v1/audio-analysis/5kNe7PE09d6Kvw5pAsx23n,0.66,227427,0.383,5kNe7PE09d6Kvw5pAsx23n,0,2,0.119,-9.377,1,0.0304,83.096,4,https://api.spotify.com/v1/tracks/5kNe7PE09d6Kvw5pAsx23n,audio_features,spotify:track:5kNe7PE09d6Kvw5pAsx23n,0.38,78
64,64,65,WHITE IVERSON,Post Malone,0.216,https://api.spotify.com/v1/audio-analysis/6eT7xZZlB2mwyzJ2sUKG6w,0.674,256533,0.568,6eT7xZZlB2mwyzJ2sUKG6w,0,7,0.0863,-7.678,1,0.0349,130.081,4,https://api.spotify.com/v1/tracks/6eT7xZZlB2mwyzJ2sUKG6w,audio_features,spotify:track:6eT7xZZlB2mwyzJ2sUKG6w,0.337,82
65,65,66,CLOSE,Nick Jonas Featuring Tove Lo,0.258,https://api.spotify.com/v1/audio-analysis/3lSDIJ2abCrOdDJ6pshUap,0.667,234213,0.624,3lSDIJ2abCrOdDJ6pshUap,0,6,0.145,-5.397,0,0.0698,124.012,4,https://api.spotify.com/v1/tracks/3lSDIJ2abCrOdDJ6pshUap,audio_features,spotify:track:3lSDIJ2abCrOdDJ6pshUap,0.407,74
66,66,67,UNSTEADY,X Ambassadors,0.177,https://api.spotify.com/v1/audio-analysis/7lGKEWMXVWWTt3X71Bv44I,0.598,193546,0.673,7lGKEWMXVWWTt3X71Bv44I,0.000316,9,0.203,-6.134,0,0.0469,117.02,4,https://api.spotify.com/v1/tracks/7lGKEWMXVWWTt3X71Bv44I,audio_features,spotify:track:7lGKEWMXVWWTt3X71Bv44I,0.242,76
67,67,68,SUCKER FOR PAIN,"Lil Wayne, Wi",NaN,NaN,NaN,NaN,NaN,NaN,NaN,NaN,NaN,NaN,NaN,NaN,NaN,NaN,NaN,NaN,NaN,NaN,NaN
68,68,69,DOWN IN THE DM,Yo Gotti Featuring Nicki Minaj,0.00157,https://api.spotify.com/v1/audio-analysis/1LxKKYsJNPeBdOwdudsJzv,0.776,182733,0.662,1LxKKYsJNPeBdOwdudsJzv,2.1e-05,1,0.0887,-7.016,0,0.0489,152.927,4,https://api.spotify.com/v1/tracks/1LxKKYsJNPeBdOwdudsJzv,audio_features,spotify:track:1LxKKYsJNPeBdOwdudsJzv,0.329,72
69,69,70,LUV,Tory Lanez,0.0129,https://api.spotify.com/v1/audio-analysis/16Ah4QqH4mgYVXqfC4mdSd,0.487,228640,0.532,16Ah4QqH4mgYVXqfC4mdSd,0,11,0.123,-8.129,0,0.245,138.13,3,https://api.spotify.com/v1/tracks/16Ah4QqH4mgYVXqfC4mdSd,audio_features,spotify:track:16Ah4QqH4mgYVXqfC4mdSd,0.247,74
70,70,71,SORRY,Beyonce,NaN,NaN,NaN,NaN,NaN,NaN,NaN,NaN,NaN,NaN,NaN,NaN,NaN,NaN,NaN,NaN,NaN,NaN,NaN
71,71,72,CAN'T FEEL MY FACE,The Weeknd,0.109,https://api.spotify.com/v1/audio-analysis/22VdIZQfgXJea34mQxlt81,0.711,213520,0.783,22VdIZQfgXJea34mQxlt81,0,9,0.0947,-5.407,0,0.0423,107.972,4,https://api.spotify.com/v1/tracks/22VdIZQfgXJea34mQxlt81,audio_features,spotify:track:22VdIZQfgXJea34mQxlt81,0.617,77
72,72,73,HYMN FOR THE WEEKEND,Coldplay,0.00868,https://api.spotify.com/v1/audio-analysis/6s3GEN8wK0OMzzzZbXj0fu,0.565,212647,0.849,6s3GEN8wK0OMzzzZbXj0fu,4.68e-06,0,0.12,-3.516,0,0.0517,102.034,4,https://api.spotify.com/v1/tracks/6s3GEN8wK0OMzzzZbXj0fu,audio_features,spotify:track:6s3GEN8wK0OMzzzZbXj0fu,0.43,83
73,73,74,SAY IT,Tory Lanez,0.0798,https://api.spotify.com/v1/audio-analysis/2Gyc6e2cLxA5hoX1NOvYnU,0.384,237787,0.512,2Gyc6e2cLxA5hoX1NOvYnU,1.19e-05,4,0.129,-10.545,0,0.0753,107.241,4,https://api.spotify.com/v1/tracks/2Gyc6e2cLxA5hoX1NOvYnU,audio_features,spotify:track:2Gyc6e2cLxA5hoX1NOvYnU,0.251,73
74,74,75,ANTIDOTE,Travis Scott,0.00767,https://api.spotify.com/v1/audio-analysis/1wHZx0LgzFHyeIZkUydNXq,0.713,262693,0.526,1wHZx0LgzFHyeIZkUydNXq,0.000148,1,0.124,-5.046,1,0.032,131.05,4,https://api.spotify.com/v1/tracks/1wHZx0LgzFHyeIZkUydNXq,audio_features,spotify:track:1wHZx0LgzFHyeIZkUydNXq,0.133,79
75,75,76,LOST BOY,Ruth B,0.965,https://api.spotify.com/v1/audio-analysis/4h0zU3O9R5xzuTmNO7dNDU,0.71,275280,0.0565,4h0zU3O9R5xzuTmNO7dNDU,0,7,0.0889,-15.099,1,0.0534,123.994,4,https://api.spotify.com/v1/tracks/4h0zU3O9R5xzuTmNO7dNDU,audio_features,spotify:track:4h0zU3O9R5xzuTmNO7dNDU,0.352,79
76,76,77,SIDE TO SIDE,Ariana Grande Featuring Nicki Minaj,0.0373,https://api.spotify.com/v1/audio-analysis/1pKeFVVUOPjFsOABub0OaV,0.65,226160,0.728,1pKeFVVUOPjFsOABub0OaV,0,6,0.328,-5.914,0,0.232,159.167,4,https://api.spotify.com/v1/tracks/1pKeFVVUOPjFsOABub0OaV,audio_features,spotify:track:1pKeFVVUOPjFsOABub0OaV,0.624,80
77,77,78,"SIT STILL, LOOK PRETTY",Daya,0.141,https://api.spotify.com/v1/audio-analysis/0EGuSSpuu9wmHCtvb4PdLO,0.657,202221,0.739,0EGuSSpuu9wmHCtvb4PdLO,0,2,0.178,-4.081,1,0.274,181.994,4,https://api.spotify.com/v1/tracks/0EGuSSpuu9wmHCtvb4PdLO,audio_features,spotify:track:0EGuSSpuu9wmHCtvb4PdLO,0.551,72
78,78,79,WILDEST DREAMS,Taylor Swift,0.0612,https://api.spotify.com/v1/audio-analysis/59HjlYCeBsxdI0fcm3zglw,0.556,220440,0.688,59HjlYCeBsxdI0fcm3zglw,0.00256,8,0.112,-7.328,1,0.0856,140.011,4,https://api.spotify.com/v1/tracks/59HjlYCeBsxdI0fcm3zglw,audio_features,spotify:track:59HjlYCeBsxdI0fcm3zglw,0.45,72
79,79,80,MIDDLE,DJ Snake Featuring Bipolar Sunshine,0.0203,https://api.spotify.com/v1/audio-analysis/0g5EKLgdKvNlln7TNqBByK,0.586,220573,0.701,0g5EKLgdKvNlln7TNqBByK,0,1,0.055,-5.326,0,0.0416,104.957,4,https://api.spotify.com/v1/tracks/0g5EKLgdKvNlln7TNqBByK,audio_features,spotify:track:0g5EKLgdKvNlln7TNqBByK,0.226,77
80,80,81,ON MY MIND,Ellie Goulding,0.279,https://api.spotify.com/v1/audio-analysis/4nS1sut0R2mgmFitKIShVe,0.697,213445,0.687,4nS1sut0R2mgmFitKIShVe,5.11e-06,2,0.0861,-6.574,0,0.0537,154.921,4,https://api.spotify.com/v1/tracks/4nS1sut0R2mgmFitKIShVe,audio_features,spotify:track:4nS1sut0R2mgmFitKIShVe,0.733,67
81,81,82,POP STYLE,Drake Featuring The Throne,0.187,https://api.spotify.com/v1/audio-analysis/5mPSyjLatqB00IkPqRlbTE,0.718,212947,0.458,5mPSyjLatqB00IkPqRlbTE,3.43e-06,4,0.105,-10.024,0,0.117,132.998,4,https://api.spotify.com/v1/tracks/5mPSyjLatqB00IkPqRlbTE,audio_features,spotify:track:5mPSyjLatqB00IkPqRlbTE,0.0508,69
82,82,83,WHEN WE WERE YOUNG,Adele,0.348,https://api.spotify.com/v1/audio-analysis/7IWkJwX9C0J7tHurTD7ViL,0.381,290907,0.594,7IWkJwX9C0J7tHurTD7ViL,0,3,0.0925,-5.97,1,0.0486,143.86,4,https://api.spotify.com/v1/tracks/7IWkJwX9C0J7tHurTD7ViL,audio_features,spotify:track:7IWkJwX9C0J7tHurTD7ViL,0.275,73
83,83,84,HIDE AWAY,Daya,0.225,https://api.spotify.com/v1/audio-analysis/0uyZ5ckiIUbFZd3P6RWmrj,0.885,192376,0.801,0uyZ5ckiIUbFZd3P6RWmrj,1.65e-06,11,0.0733,-4.716,0,0.0882,95.011,4,https://api.spotify.com/v1/tracks/0uyZ5ckiIUbFZd3P6RWmrj,audio_features,spotify:track:0uyZ5ckiIUbFZd3P6RWmrj,0.481,69
84,84,85,LEAN ON,Major Lazer & DJ Snake Featuring MO,0.00346,https://api.spotify.com/v1/audio-analysis/5wldXGLEOoRXxMWJ8rIUWE,0.723,176561,0.809,5wldXGLEOoRXxMWJ8rIUWE,0.00123,7,0.565,-3.081,0,0.0625,98.007,4,https://api.spotify.com/v1/tracks/5wldXGLEOoRXxMWJ8rIUWE,audio_features,spotify:track:5wldXGLEOoRXxMWJ8rIUWE,0.271,77
85,85,86,I KNOW WHAT YOU DID LAST SUMMER,Shawn Mendes & Camila Cabello,0.112,https://api.spotify.com/v1/audio-analysis/2GyA33q5rti5IxkMQemRDH,0.695,223853,0.774,2GyA33q5rti5IxkMQemRDH,0,9,0.148,-4.543,0,0.0944,114.043,4,https://api.spotify.com/v1/tracks/2GyA33q5rti5IxkMQemRDH,audio_features,spotify:track:2GyA33q5rti5IxkMQemRDH,0.739,71
86,86,87,ALL THE WAY UP,"Fat Joe, Rem",NaN,NaN,NaN,NaN,NaN,NaN,NaN,NaN,NaN,NaN,NaN,NaN,NaN,NaN,NaN,NaN,NaN,NaN,NaN
87,87,88,WATCH ME,Silento,0.265,https://api.spotify.com/v1/audio-analysis/5RIVoVdkDLEygELLCniZFr,0.825,185131,0.77,5RIVoVdkDLEygELLCniZFr,0,8,0.334,-8.508,1,0.134,139.982,4,https://api.spotify.com/v1/tracks/5RIVoVdkDLEygELLCniZFr,audio_features,spotify:track:5RIVoVdkDLEygELLCniZFr,0.964,66
88,88,89,BACK TO SLEEP,Chris Brown,0.0424,https://api.spotify.com/v1/audio-analysis/6dlpABcXrQKRU9G00i6Zba,0.647,201253,0.646,6dlpABcXrQKRU9G00i6Zba,0,9,0.0888,-5.483,0,0.243,92.981,4,https://api.spotify.com/v1/tracks/6dlpABcXrQKRU9G00i6Zba,audio_features,spotify:track:6dlpABcXrQKRU9G00i6Zba,0.712,70
89,89,90,NO LIMIT,Usher Featuring Young Thug,0.0794,https://api.spotify.com/v1/audio-analysis/4DRDMf5vftalExCy0fHbHl,0.717,228905,0.516,4DRDMf5vftalExCy0fHbHl,0,10,0.164,-6.466,0,0.0601,127.026,4,https://api.spotify.com/v1/tracks/4DRDMf5vftalExCy0fHbHl,audio_features,spotify:track:4DRDMf5vftalExCy0fHbHl,0.263,70
90,90,91,CUT IT,O.T. Genasis Featuring Young Dolph,0.135,https://api.spotify.com/v1/audio-analysis/376KnY4TrgBITxjlnbnmIy,0.875,222600,0.673,376KnY4TrgBITxjlnbnmIy,0,7,0.292,-4.184,1,0.0932,130.0,4,https://api.spotify.com/v1/tracks/376KnY4TrgBITxjlnbnmIy,audio_features,spotify:track:376KnY4TrgBITxjlnbnmIy,0.23,74
91,91,92,REALLY REALLY,Kevin Gates,0.00427,https://api.spotify.com/v1/audio-analysis/10I3CmmwT0BkOVhduDy53o,0.762,232093,0.666,10I3CmmwT0BkOVhduDy53o,0,0,0.127,-6.055,1,0.0916,118.97,4,https://api.spotify.com/v1/tracks/10I3CmmwT0BkOVhduDy53o,audio_features,spotify:track:10I3CmmwT0BkOVhduDy53o,0.273,76
92,92,93,ALL IN MY HEAD (FLEX),Fifth Harmony Featuring Fetty Wap,0.023,https://api.spotify.com/v1/audio-analysis/7nD9nN3jord9wWcfW3Gkcm,0.689,210573,0.791,7nD9nN3jord9wWcfW3Gkcm,0,0,0.0526,-5.194,0,0.053,95.04,4,https://api.spotify.com/v1/tracks/7nD9nN3jord9wWcfW3Gkcm,audio_features,spotify:track:7nD9nN3jord9wWcfW3Gkcm,0.772,78
93,93,94,STARVING,Hailee Steinfeld & Grey Featuring Zedd,0.39,https://api.spotify.com/v1/audio-analysis/4Ce37cRWvM1vIGGynKcs22,0.712,181880,0.62,4Ce37cRWvM1vIGGynKcs22,0,4,0.0994,-4.187,1,0.0888,99.953,4,https://api.spotify.com/v1/tracks/4Ce37cRWvM1vIGGynKcs22,audio_features,spotify:track:4Ce37cRWvM1vIGGynKcs22,0.519,81
94,94,95,ADVENTURE OF A LIFETIME,Coldplay,0.00205,https://api.spotify.com/v1/audio-analysis/69uxyAqqPIsUyTO8txoP2M,0.638,263787,0.924,69uxyAqqPIsUyTO8txoP2M,0.000173,7,0.149,-3.887,1,0.0359,111.995,4,https://api.spotify.com/v1/tracks/69uxyAqqPIsUyTO8txoP2M,audio_features,spotify:track:69uxyAqqPIsUyTO8txoP2M,0.515,80
95,95,96,HUMBLE AND KIND,Tim McGraw,0.693,https://api.spotify.com/v1/audio-analysis/3Rkk851fZjIsglV2jbBPDd,0.349,257360,0.486,3Rkk851fZjIsglV2jbBPDd,1.73e-06,11,0.122,-7.232,1,0.0289,101.053,3,https://api.spotify.com/v1/tracks/3Rkk851fZjIsglV2jbBPDd,audio_features,spotify:track:3Rkk851fZjIsglV2jbBPDd,0.162,68
96,96,97,WICKED,Future,0.00191,https://api.spotify.com/v1/audio-analysis/6BbINUfGabVyiNFJpQXn3x,0.718,173347,0.679,6BbINUfGabVyiNFJpQXn3x,0.0104,11,0.385,-5.899,0,0.0706,157.97,4,https://api.spotify.com/v1/tracks/6BbINUfGabVyiNFJpQXn3x,audio_features,spotify:track:6BbINUfGabVyiNFJpQXn3x,0.215,73
97,97,98,TIIMMY TURNER,Desiigner,0.181,https://api.spotify.com/v1/audio-analysis/3NJG6vMH1ZsectZkocMEm0,0.597,239853,0.743,3NJG6vMH1ZsectZkocMEm0,0,6,0.0796,-3.095,1,0.042,122.798,4,https://api.spotify.com/v1/tracks/3NJG6vMH1ZsectZkocMEm0,audio_features,spotify:track:3NJG6vMH1ZsectZkocMEm0,0.321,75
98,98,99,SEE YOU AGAIN,Wiz Khalifa Featuring Charlie Puth,0.369,https://api.spotify.com/v1/audio-analysis/7wqSzGeodspE3V6RBD5W8L,0.689,229526,0.481,7wqSzGeodspE3V6RBD5W8L,1.03e-06,10,0.0649,-7.503,1,0.0815,80.025,4,https://api.spotify.com/v1/tracks/7wqSzGeodspE3V6RBD5W8L,audio_features,spotify:track:7wqSzGeodspE3V6RBD5W8L,0.266,81
99,99,100,PERFECT,One Direction,0.0598,https://api.spotify.com/v1/audio-analysis/3NLnwwAQbbFKcEcV8hDItk,0.647,230333,0.823,3NLnwwAQbbFKcEcV8hDItk,0,2,0.119,-5.231,1,0.0762,99.933,4,https://api.spotify.com/v1/tracks/3NLnwwAQbbFKcEcV8hDItk,audio_features,spotify:track:3NLnwwAQbbFKcEcV8hDItk,0.4,74
